<?xml version="1.0"?>
<doc>
    <assembly>
        <name>GestionPersonnelMediaTek86</name>
    </assembly>
    <members>
        <member name="F:GestionPersonnelMediaTek86.FrmLogin.TxtLogin">
            <summary>
            Zone de saisie du login.
            </summary>
        </member>
        <member name="F:GestionPersonnelMediaTek86.FrmLogin.TxtPwd">
            <summary>
            Zone de saisie du mot de passe.
            </summary>
        </member>
        <member name="F:GestionPersonnelMediaTek86.FrmLogin.BtnConnexion">
            <summary>
            Bouton de connexion.
            </summary>
        </member>
        <member name="M:GestionPersonnelMediaTek86.FrmLogin.#ctor">
            <summary>
            Constructeur du formulaire de connexion.
            </summary>
        </member>
        <member name="M:GestionPersonnelMediaTek86.Program.Main">
            <summary>
            Point d'entrée principal de l'application.
            </summary>
        </member>
        <member name="T:GestionPersonnelMediaTek86.Properties.Resources">
            <summary>
              Une classe de ressource fortement typée destinée, entre autres, à la consultation des chaînes localisées.
            </summary>
        </member>
        <member name="P:GestionPersonnelMediaTek86.Properties.Resources.ResourceManager">
            <summary>
              Retourne l'instance ResourceManager mise en cache utilisée par cette classe.
            </summary>
        </member>
        <member name="P:GestionPersonnelMediaTek86.Properties.Resources.Culture">
            <summary>
              Remplace la propriété CurrentUICulture du thread actuel pour toutes
              les recherches de ressources à l'aide de cette classe de ressource fortement typée.
            </summary>
        </member>
    </members>
</doc>
